harvest,post,slope_pct,wall_high_m,wall_two_m,wall_width_m,wall_width,wall_ht_outside_highest,wall_ht_outside_two,built,year,month,elapsed
gas_line,201,-4.375,4.2672,9,9.7536,32,15.4,10.4,2017_06,2017,7,1
gas_line,201,0,3.6576000000000004,7,7.9248,26,12,7,2017_06,2018,10,16
gas_line,201,-16.05504587155963,3.5052000000000003,6,6.644640000000001,21.8,15,9.5,2017_06,2019,11,29
gas_line,201,-2.5454545454545427,1.524,5,8.382,27.5,5.699999999999999,5.699999999999999,2017_06,2020,10,40
gas_line,202,-3.0434782608695676,3.9624,8,7.010400000000001,23,13.700000000000001,8.700000000000001,2017_06,2017,7,1
gas_line,202,0,2.8956,7,8.5344,28,9.5,7,2017_06,2018,10,16
gas_line,202,-2.3529411764705936,3.048,7,7.7724,25.5,10.600000000000001,7.600000000000001,2017_06,2019,11,29
gas_line,202,-6.521739130434782,2.4384,6,7.010400000000001,23,9.5,7.5,2017_06,2020,10,40
gas_line,203,-1.1851851851851862,2.5908,6.5,6.8580000000000005,22.5,8.766666666666667,6.766666666666667,2017_06,2017,7,1
gas_line,203,0.7843137254901933,2.7432000000000003,5,7.7724,25.5,8.8,4.800000000000001,2017_06,2018,10,16
gas_line,203,-1.8518518518518519,2.5908,5,8.2296,27,9,5.5,2017_06,2019,11,29
gas_line,203,-2.1739130434782608,1.8288000000000002,4,7.010400000000001,23,6.5,4.5,2017_06,2020,10,40
gas_line,204,-5,3.3528000000000002,8.5,6.096,20,12,9.5,2017_06,2017,7,1
gas_line,204,-4.25531914893617,3.2004,7.5,7.162800000000001,23.5,11.5,8.5,2017_06,2018,10,16
gas_line,204,-6.521739130434782,2.7432000000000003,6,7.010400000000001,23,10.5,7.5,2017_06,2019,11,29
gas_line,204,-2.380952380952381,2.7432000000000003,5,6.4008,21,9.5,5.5,2017_06,2020,10,40
gas_line,205,-5.925925925925925,3.5052000000000003,9,6.8580000000000005,22.5,12.833333333333334,10.333333333333334,2017_06,2017,7,1
gas_line,205,-3.4482758620689653,2.8956,7,8.8392,29,10.5,8,2017_06,2018,10,16
gas_line,205,-5.555555555555555,2.5908,6.5,8.2296,27,10,8,2017_06,2019,11,29
gas_line,205,-5.882352941176471,2.286,5.5,7.7724,25.5,9,7,2017_06,2020,10,40
gas_line,206,-6.349206349206348,3.9624,8,6.4008,21,14.333333333333334,9.333333333333334,2017_06,2017,7,1
gas_line,206,-6.521739130434782,2.1336,7,7.010400000000001,23,8.5,8.5,2017_06,2018,10,16
gas_line,206,-4.25531914893617,1.9812,6.5,7.162800000000001,23.5,7.5,7.5,2017_06,2019,11,29
gas_line,206,-6.976744186046512,1.8288000000000002,6,6.5532,21.5,7.5,7.5,2017_06,2020,10,40
gas_line,207,-8.695652173913043,2.7432000000000003,7,7.010400000000001,23,11,9,2017_06,2017,7,1
gas_line,207,-8.16326530612245,2.286,5.5,7.4676,24.5,9.5,7.5,2017_06,2018,10,16
gas_line,207,-9.25925925925926,1.9812,5,8.2296,27,9,7.5,2017_06,2019,11,29
gas_line,207,-6.666666666666667,1.524,5,6.8580000000000005,22.5,6.5,6.5,2017_06,2020,10,40
gas_line,208,-6.266666666666665,4.1148,9,7.62,25,15.066666666666666,10.566666666666666,2017_06,2017,7,1
gas_line,208,-5.357142857142857,3.01752,5.5,8.5344,28,11.4,7,2017_06,2018,10,16
gas_line,208,-7.906976744186044,2.7432000000000003,5.5,6.5532,21.5,10.7,7.199999999999999,2017_06,2019,11,29
gas_line,208,-7.142857142857143,2.5908,4.5,6.4008,21,10,6,2017_06,2020,10,40
gas_line,209,-3.9548022598870056,2.5908,7,8.9916,29.5,9.666666666666666,8.166666666666666,2017_06,2017,7,1
gas_line,209,-3.225806451612903,2.4384,6,9.4488,31,9,7,2017_06,2018,10,16
gas_line,209,-4.545454545454546,1.6764000000000001,5.5,10.0584,33,7,7,2017_06,2019,11,29
gas_line,209,-3.3333333333333335,1.3716000000000002,4.5,9.144,30,5.5,5.5,2017_06,2020,10,40
gas_line,210,-8.333333333333334,3.3528000000000002,7.5,6.096,20,12.666666666666666,9.166666666666666,2017_06,2017,7,1
gas_line,210,-23.076923076923077,2.5908,7,3.9624,13,11.5,10,2017_06,2018,10,16
gas_line,210,-5.454545454545454,2.4384,7,8.382,27.5,9.5,8.5,2017_06,2019,11,29
gas_line,210,-2.857142857142857,2.4384,6.5,5.3340000000000005,17.5,8.5,7,2017_06,2020,10,40
gas_line,211,2.8571428571428594,3.6576000000000004,7.5,7.4676,24.5,11.299999999999999,6.8,2017_06,2017,7,1
gas_line,211,0.3571428571428622,2.8956,7.5,8.5344,28,9.399999999999999,7.399999999999999,2017_06,2018,10,16
gas_line,211,5.2631578947368425,2.8956,4.5,8.6868,28.5,8,3,2017_06,2019,11,29
gas_line,211,2.0833333333333335,2.7432000000000003,4.5,7.315200000000001,24,8.5,4,2017_06,2020,10,40
gas_line,212,-0.8130081300813007,3.2004,8,6.2484,20.5,10.666666666666666,8.166666666666666,2017_06,2017,7,1
gas_line,212,0,2.1336,5.5,7.010400000000001,23,7,5.5,2017_06,2018,10,16
gas_line,212,-2.127659574468085,2.4384,5.5,7.162800000000001,23.5,8.5,6,2017_06,2019,11,29
gas_line,212,0,1.8288000000000002,4.5,5.9436,19.5,6,4.5,2017_06,2020,10,40
gas_line,213,-7.407407407407408,3.2004,6.5,6.8580000000000005,22.5,12.166666666666666,8.166666666666666,2017_06,2017,7,1
gas_line,213,-10.256410256410257,2.7432000000000003,5,5.9436,19.5,11,7,2017_06,2018,10,16
gas_line,213,-6.521739130434782,2.4384,4.5,7.010400000000001,23,9.5,6,2017_06,2019,11,29
gas_line,213,-6.666666666666667,1.9812,3.5,6.8580000000000005,22.5,8,5,2017_06,2020,10,40
gas_line,214,-8.51063829787234,3.5052000000000003,8,7.162800000000001,23.5,13.5,10,2017_06,2017,7,1
gas_line,214,-8.695652173913043,2.4384,6,7.010400000000001,23,10,8,2017_06,2018,10,16
gas_line,214,-9.523809523809524,2.1336,4.5,6.4008,21,9,6.5,2017_06,2019,11,29
gas_line,214,-8.695652173913043,1.8288000000000002,4.5,7.010400000000001,23,8,6.5,2017_06,2020,10,40
gas_line,215,-12.962962962962964,3.3528000000000002,6.5,5.486400000000001,18,13.333333333333334,8.833333333333334,2017_06,2017,7,1
gas_line,215,-12.820512820512821,2.7432000000000003,5.5,5.9436,19.5,11.5,8,2017_06,2018,10,16
gas_line,215,-15.625,2.5908,4.5,4.8768,16,11,7,2017_06,2019,11,29
gas_line,215,-12.5,1.6764000000000001,4,4.8768,16,7.5,6,2017_06,2020,10,40
gas_line,216,-7.092198581560284,2.7432000000000003,6.5,7.162800000000001,23.5,10.666666666666666,8.166666666666666,2017_06,2017,7,1
gas_line,216,-12.820512820512821,1.9812,4.5,5.9436,19.5,9,7,2017_06,2018,10,16
gas_line,216,-4.651162790697675,1.9812,5,6.5532,21.5,7.5,6,2017_06,2019,11,29
gas_line,216,-7.142857142857143,1.6764000000000001,4.5,6.4008,21,7,6,2017_06,2020,10,40
gas_line,217,-5.128205128205128,2.7432000000000003,7,7.9248,26,10.333333333333334,8.333333333333334,2017_06,2017,7,1
gas_line,217,-3.225806451612903,2.4384,6,9.4488,31,9,7,2017_06,2018,10,16
gas_line,217,-6.976744186046512,2.286,5.5,6.5532,21.5,9,7,2017_06,2019,11,29
gas_line,217,-6.976744186046512,2.1336,5,6.5532,21.5,8.5,6.5,2017_06,2020,10,40
gas_line,218,-8.571428571428571,3.048,6.5,5.3340000000000005,17.5,11.5,8,2017_06,2017,7,1
gas_line,218,-5.405405405405405,2.5908,6,5.638800000000001,18.5,9.5,7,2017_06,2018,10,16
gas_line,218,-7.894736842105263,2.8956,6,5.7912,19,11,7.5,2017_06,2019,11,29
gas_line,218,-11.764705882352942,2.286,5.5,5.1816,17,9.5,7.5,2017_06,2020,10,40
gas_line,219,-11.347517730496453,2.5908,7.5,7.162800000000001,23.5,11.166666666666666,10.166666666666666,2017_06,2017,7,1
gas_line,219,-15,1.9812,6,6.096,20,9.5,9,2017_06,2018,10,16
gas_line,219,-11.363636363636363,1.524,4,6.7056000000000004,22,7.5,6.5,2017_06,2019,11,29
gas_line,219,-11.627906976744185,1.2192,4,6.5532,21.5,6.5,6.5,2017_06,2020,10,40
gas_line,220,-7.894736842105263,4.2672,6,5.7912,19,15.5,7.5,2017_06,2017,7,1
gas_line,220,-7.317073170731708,3.9624,5,6.2484,20.5,14.5,6.5,2017_06,2018,10,16
gas_line,220,-6.666666666666667,3.048,4.5,6.8580000000000005,22.5,11.5,6,2017_06,2019,11,29
gas_line,220,-6.818181818181818,2.8956,4,6.7056000000000004,22,11,5.5,2017_06,2020,10,40
gas_line,221,-11.428571428571429,3.3528000000000002,6.5,5.3340000000000005,17.5,13,8.5,2017_06,2017,7,1
gas_line,221,-10.81081081081081,2.7432000000000003,5,5.638800000000001,18.5,11,7,2017_06,2018,10,16
gas_line,221,-13.157894736842104,2.1336,4.5,5.7912,19,9.5,7,2017_06,2019,11,29
gas_line,221,-8.823529411764707,1.3716000000000002,3.5,5.1816,17,6,5,2017_06,2020,10,40
gas_line,222,-11.764705882352942,2.8956,8.5,5.1816,17,11.5,10.5,2017_06,2017,7,1
gas_line,222,-14.285714285714286,1.9812,4.5,5.3340000000000005,17.5,9,7,2017_06,2018,10,16
gas_line,222,-8.108108108108109,2.286,5,5.638800000000001,18.5,9,6.5,2017_06,2019,11,29
gas_line,222,-12.903225806451612,1.8288000000000002,3.5,4.7244,15.5,8,5.5,2017_06,2020,10,40
gas_line,223,-2.2222222222222223,3.6576000000000004,8,6.8580000000000005,22.5,12.5,8.5,2017_06,2017,7,1
gas_line,223,-2.5641025641025643,2.8956,6.5,5.9436,19.5,10,7,2017_06,2018,10,16
gas_line,223,-2.1739130434782608,2.7432000000000003,6,7.010400000000001,23,9.5,6.5,2017_06,2019,11,29
gas_line,223,-2.380952380952381,2.5908,5.5,6.4008,21,9,6,2017_06,2020,10,40
gas_line,224,-1.3333333333333344,3.5052000000000003,9,6.096,20,11.766666666666667,9.266666666666667,2017_06,2017,7,1
gas_line,224,2.857142857142857,3.048,7.5,5.3340000000000005,17.5,9.5,7,2017_06,2018,10,16
gas_line,224,0,2.7432000000000003,4.5,5.638800000000001,18.5,9,4.5,2017_06,2019,11,29
gas_line,224,-6.842105263157897,2.5908,3.5,5.7912,19,9.8,4.800000000000001,2017_06,2020,10,40
gas_line,225,-3.7878787878787885,3.9624,8,6.7056000000000004,22,13.833333333333334,8.833333333333334,2017_06,2017,7,1
gas_line,225,-12.121212121212121,3.5052000000000003,7.5,5.0292,16.5,13.5,9.5,2017_06,2018,10,16
gas_line,225,0,2.8956,6,7.010400000000001,23,9.5,6,2017_06,2019,11,29
gas_line,225,-2.3255813953488373,3.048,4.5,6.5532,21.5,10.5,5,2017_06,2020,10,40
gas_line,226,-6.122448979591836,3.81,5,7.4676,24.5,14,6.5,2017_06,2017,7,1
gas_line,226,-6.382978723404255,2.5908,4,7.162800000000001,23.5,10,5.5,2017_06,2018,10,16
gas_line,226,-6.25,2.4384,3.5,7.315200000000001,24,9.5,5,2017_06,2019,11,29
gas_line,226,-6.382978723404255,2.286,3.5,7.162800000000001,23.5,9,5,2017_06,2020,10,40
gas_line,227,-4.065040650406504,3.2004,9.5,6.2484,20.5,11.333333333333334,10.333333333333334,2017_06,2017,7,1
gas_line,227,0,2.5908,8,6.7056000000000004,22,8.5,8,2017_06,2018,10,16
gas_line,227,-7.894736842105263,2.1336,3,5.7912,19,8.5,4.5,2017_06,2019,11,29
gas_line,227,-4.545454545454546,2.1336,3.5,6.7056000000000004,22,8,4.5,2017_06,2020,10,40
gas_line,228,-2.272727272727273,3.81,6.5,6.7056000000000004,22,13,7,2017_06,2017,7,1
gas_line,228,-2.0408163265306123,2.286,4.5,7.4676,24.5,8,5,2017_06,2018,10,16
gas_line,228,-2.380952380952381,2.7432000000000003,4.5,6.4008,21,9.5,5,2017_06,2019,11,29
gas_line,228,-2.4390243902439024,2.7432000000000003,4,6.2484,20.5,9.5,4.5,2017_06,2020,10,40
gas_line,229,-13.333333333333332,4.4196,7,6.096,20,17.166666666666668,9.666666666666666,2017_06,2017,7,1
gas_line,229,-20.930232558139537,2.7432000000000003,6.5,6.5532,21.5,13.5,11,2017_06,2018,10,16
gas_line,229,-9.523809523809524,3.2004,4.5,6.4008,21,12.5,6.5,2017_06,2019,11,29
gas_line,229,-8.571428571428571,2.8956,3.5,5.3340000000000005,17.5,11,5,2017_06,2020,10,40
gas_line,230,-21.62162162162162,3.81,6,5.638800000000001,18.5,16.5,10,2017_06,2017,7,1
gas_line,230,-28.205128205128204,2.8956,4,5.9436,19.5,15,9.5,2017_06,2018,10,16
gas_line,230,-16.666666666666668,3.2004,4.5,5.486400000000001,18,13.5,7.5,2017_06,2019,11,29
gas_line,230,-22.580645161290324,1.3716000000000002,3,4.7244,15.5,8,6.5,2017_06,2020,10,40
gas_line,231,-16.666666666666668,4.1148,5.5,5.486400000000001,18,16.5,8.5,2017_06,2017,7,1
gas_line,231,-11.627906976744185,2.8956,4.5,6.5532,21.5,12,7,2017_06,2018,10,16
gas_line,231,-19.444444444444443,2.5908,4,5.486400000000001,18,12,7.5,2017_06,2019,11,29
gas_line,231,-18.181818181818183,1.3716000000000002,3.5,5.0292,16.5,7.5,6.5,2017_06,2020,10,40
gas_line,232,-20,3.5052000000000003,7.5,6.096,20,15.5,11.5,2017_06,2017,7,1
gas_line,232,-35.483870967741936,2.5908,8,4.7244,15.5,14,13.5,2017_06,2018,10,16
gas_line,232,-15.789473684210526,2.5908,5.5,5.7912,19,11.5,8.5,2017_06,2019,11,29
gas_line,232,-15.217391304347826,2.286,4,7.010400000000001,23,11,7.5,2017_06,2020,10,40
gas_line,233,-27.272727272727273,3.048,6.5,5.0292,16.5,14.5,11,2017_06,2017,7,1
gas_line,233,-21.568627450980394,1.8288000000000002,4,7.7724,25.5,11.5,9.5,2017_06,2018,10,16
gas_line,233,-19.565217391304348,1.524,4.5,7.010400000000001,23,9.5,9,2017_06,2019,11,29
gas_line,233,-15.217391304347826,1.3716000000000002,4.5,7.010400000000001,23,8,8,2017_06,2020,10,40
gas_line,234,-13.675213675213673,2.7432000000000003,5.5,5.9436,19.5,11.666666666666666,8.166666666666666,2017_06,2017,7,1
gas_line,234,-13.513513513513514,2.5908,5,5.638800000000001,18.5,11,7.5,2017_06,2018,10,16
gas_line,234,-16.216216216216218,3.2004,4.5,5.638800000000001,18.5,13.5,7.5,2017_06,2019,11,29
gas_line,234,-12.820512820512821,3.2004,4.5,5.9436,19.5,13,7,2017_06,2020,10,40
gas_line,235,-13.166666666666666,3.81,7.5,6.096,20,15.133333333333333,10.133333333333333,2017_06,2017,7,1
gas_line,235,-35,3.6576000000000004,7,3.048,10,15.5,10.5,2017_06,2018,10,16
gas_line,235,-11.16279069767442,3.5052000000000003,6.5,6.5532,21.5,13.9,8.9,2017_06,2019,11,29
gas_line,235,-9.30232558139535,2.286,4.5,6.5532,21.5,9.5,6.5,2017_06,2020,10,40
gas_line,236,-9.559748427672956,4.8768,6,8.077200000000001,26.5,18.53333333333333,8.533333333333333,2017_06,2017,7,1
gas_line,236,-11.11111111111111,3.6576000000000004,5,8.2296,27,15,8,2017_06,2018,10,16
gas_line,236,-10.909090909090908,3.5052000000000003,5,8.382,27.5,14.5,8,2017_06,2019,11,29
gas_line,236,-5.925925925925925,3.3528000000000002,5,8.2296,27,12.6,6.6,2017_06,2020,10,40
gas_line,237,-15,2.8956,6.5,6.096,20,12.5,9.5,2017_06,2017,7,1
gas_line,237,-11.864406779661017,2.1336,5,8.9916,29.5,10.5,8.5,2017_06,2018,10,16
gas_line,237,-10.714285714285714,1.9812,4.5,8.5344,28,9.5,7.5,2017_06,2019,11,29
gas_line,237,-12.195121951219512,1.524,2.5,6.2484,20.5,7.5,5,2017_06,2020,10,40
gas_line,238,-10.101010101010102,3.5052000000000003,4,5.0292,16.5,13.166666666666666,5.666666666666667,2017_06,2017,7,1
gas_line,238,-2.7777777777777777,2.5908,6,5.486400000000001,18,9,6.5,2017_06,2018,10,16
gas_line,238,-15.151515151515152,1.9812,3,5.0292,16.5,9,5.5,2017_06,2019,11,29
gas_line,238,-12.121212121212121,1.3716000000000002,3,5.0292,16.5,6.5,5,2017_06,2020,10,40
gas_line,239,-14.414414414414413,1.6764000000000001,3,5.638800000000001,18.5,8.166666666666666,5.666666666666666,2017_06,2017,7,1
gas_line,239,-11.320754716981131,2.4384,4.5,8.077200000000001,26.5,11,7.5,2017_06,2018,10,16
gas_line,239,-11.11111111111111,1.524,2.5,6.8580000000000005,22.5,7.5,5,2017_06,2019,11,29
gas_line,239,-11.363636363636363,1.3716000000000002,2.5,6.7056000000000004,22,7,5,2017_06,2020,10,40
gas_line,240,-11.904761904761907,3.6576000000000004,5.5,8.5344,28,15.333333333333334,8.833333333333334,2017_06,2017,7,1
gas_line,240,-14.814814814814815,3.048,5.5,8.2296,27,14,9.5,2017_06,2018,10,16
gas_line,240,-11.363636363636363,2.7432000000000003,5,6.7056000000000004,22,11.5,7.5,2017_06,2019,11,29
gas_line,240,-14.583333333333334,2.1336,4,7.315200000000001,24,10.5,7.5,2017_06,2020,10,40
gas_line,241,-29.07801418439716,1.9812,5,7.162800000000001,23.5,13.333333333333332,11.833333333333332,2017_06,2017,7,1
gas_line,241,-31.372549019607842,1.524,4,7.7724,25.5,13,12,2017_06,2018,10,16
gas_line,241,-28.571428571428573,1.8288000000000002,3.5,6.4008,21,12,9.5,2017_06,2019,11,29
gas_line,241,-30.952380952380953,1.524,1.5,6.4008,21,11.5,8,2017_06,2020,10,40
gas_line,242,-31.25,1.9812,5,4.8768,16,11.5,10,2017_06,2017,7,1
gas_line,242,-30,1.6764000000000001,5,6.096,20,11.5,11,2017_06,2018,10,16
gas_line,242,-29.032258064516128,1.6764000000000001,4.5,4.7244,15.5,10,9,2017_06,2019,11,29
gas_line,242,-25.714285714285715,1.2192,4,5.3340000000000005,17.5,8.5,8.5,2017_06,2020,10,40
gas_line,243,-18.51851851851852,2.5908,3.5,6.8580000000000005,22.5,12.666666666666668,7.666666666666667,2017_06,2017,7,1
gas_line,243,-6.521739130434782,1.9812,3,7.010400000000001,23,8,4.5,2017_06,2018,10,16
gas_line,243,-23.91304347826087,1.524,1.5,7.010400000000001,23,10.5,7,2017_06,2019,11,29
gas_line,243,-23.404255319148938,1.88976,1.5,7.162800000000001,23.5,11.7,7,2017_06,2020,10,40
gas_line,244,-19.06432748538012,1.9812,4,8.6868,28.5,11.933333333333334,9.433333333333334,2017_06,2017,7,1
gas_line,244,-14.722222222222225,4.1148,5.5,10.972800000000001,36,18.8,10.8,2017_06,2018,10,16
gas_line,244,-22.22222222222222,2.8956,3.5,6.8580000000000005,22.5,14.5,8.5,2017_06,2019,11,29
gas_line,244,-19.672131147540984,2.8956,2.5,9.2964,30.5,15.5,8.5,2017_06,2020,10,40
gas_line,245,-13.194444444444443,3.2004,7,7.315200000000001,24,13.666666666666666,10.166666666666666,2017_06,2017,7,1
gas_line,245,-18,1.9812,6.5,7.62,25,11,11,2017_06,2018,10,16
gas_line,245,-12.195121951219512,2.5908,6.5,6.2484,20.5,11,9,2017_06,2019,11,29
gas_line,245,-12.5,2.4384,4.5,6.096,20,10.5,7,2017_06,2020,10,40
gas_line,246,-21.21212121212121,3.5052000000000003,8.5,5.0292,16.5,15,12,2017_06,2017,7,1
gas_line,246,-38.888888888888886,2.286,7.5,2.7432000000000003,9,11,11,2017_06,2018,10,16
gas_line,246,-18.91891891891892,1.3716000000000002,4.5,5.638800000000001,18.5,8,8,2017_06,2019,11,29
gas_line,246,-14,1.524,5,7.62,25,8.5,8.5,2017_06,2020,10,40
gas_line,247,-42.08333333333333,2.7432000000000003,6,6.096,20,17.416666666666664,14.416666666666666,2017_06,2017,7,1
gas_line,247,-34.31372549019608,1.8288000000000002,4.5,7.7724,25.5,14.75,13.25,2017_06,2018,10,16
gas_line,247,-39.53488372093023,1.3716000000000002,3.5,6.5532,21.5,13,12,2017_06,2019,11,29
gas_line,247,-34.78260869565217,1.0668,3.5,7.010400000000001,23,11.5,11.5,2017_06,2020,10,40
gas_line,248,-45.37037037037037,2.7432000000000003,2.5,5.486400000000001,18,17.166666666666664,10.666666666666666,2017_06,2017,7,1
gas_line,248,-48.484848484848484,1.8288000000000002,2.5,5.0292,16.5,14,10.5,2017_06,2018,10,16
gas_line,248,-48.484848484848484,2.8956,0.5,5.0292,16.5,17.5,8.5,2017_06,2019,11,29
gas_line,248,-51.515151515151516,1.3716000000000002,0,5.0292,16.5,13,8.5,2017_06,2020,10,40
gas_line,249,-31.25,2.1336,4,7.315200000000001,24,14.5,11.5,2017_06,2017,7,1
gas_line,249,-60.714285714285715,2.1336,3.5,4.2672,14,15.5,12,2017_06,2018,10,16
gas_line,249,-36.8421052631579,0.3048,1,5.7912,19,8,8,2017_06,2019,11,29
gas_line,249,-36.8421052631579,0.3048,-1,5.7912,19,8,6,2017_06,2020,10,40
gas_line,250,-11.403508771929824,2.5908,5,5.7912,19,10.666666666666666,7.166666666666666,2017_06,2017,7,1
gas_line,250,-22.580645161290324,1.6764000000000001,4,4.7244,15.5,9,7.5,2017_06,2018,10,16
gas_line,250,-8.108108108108109,1.6764000000000001,4,5.638800000000001,18.5,7,5.5,2017_06,2019,11,29
gas_line,250,-8.333333333333334,1.524,3,5.486400000000001,18,6.5,4.5,2017_06,2020,10,40
gas_line,251,7.407407407407407,3.2004,7.5,9.6012,31.5,8.166666666666666,5.166666666666666,2017_06,2017,7,1
gas_line,251,4.761904761904762,3.2004,7.5,9.6012,31.5,9,6,2017_06,2018,10,16
gas_line,251,10.526315789473685,2.5908,5.5,8.6868,28.5,5.5,2.5,2017_06,2019,11,29
gas_line,251,8.928571428571429,2.4384,6,8.5344,28,5.5,3.5,2017_06,2020,10,40
gas_line,252,-5.22875816993464,4.1148,6,7.7724,25.5,14.833333333333334,7.333333333333333,2017_06,2017,7,1
gas_line,252,-6,2.8956,4.5,7.62,25,11,6,2017_06,2018,10,16
gas_line,252,-3.7735849056603774,2.8956,5,8.077200000000001,26.5,10.5,6,2017_06,2019,11,29
gas_line,252,-6.122448979591836,2.7432000000000003,4.5,7.4676,24.5,10.5,6,2017_06,2020,10,40
gas_line,253,-28.395061728395063,2.1336,4,8.2296,27,14.666666666666668,11.666666666666668,2017_06,2017,7,1
gas_line,253,-54.54545454545455,1.9812,3,5.0292,16.5,15.5,12,2017_06,2018,10,16
gas_line,253,-30.434782608695652,1.524,3,7.010400000000001,23,12,10,2017_06,2019,11,29
gas_line,253,-33.333333333333336,1.8288000000000002,3,6.4008,21,13,10,2017_06,2020,10,40
gas_line,254,-15.555555555555555,3.81,8,9.144,30,17.166666666666668,12.666666666666668,2017_06,2017,7,1
gas_line,254,-23.076923076923077,3.3528000000000002,9.5,5.9436,19.5,15.5,14,2017_06,2018,10,16
gas_line,254,-24.444444444444443,2.5908,4.5,6.8580000000000005,22.5,14,10,2017_06,2019,11,29
gas_line,254,-24.242424242424242,1.9812,3,5.0292,16.5,10.5,7,2017_06,2020,10,40
gas_line,255,-23.497267759562845,2.5908,4,9.2964,30.5,15.666666666666668,11.166666666666668,2017_06,2017,7,1
gas_line,255,-19.696969696969695,1.524,3.5,10.0584,33,11.5,10,2017_06,2018,10,16
gas_line,255,-30,1.3716000000000002,2.5,7.62,25,12,10,2017_06,2019,11,29
gas_line,255,-31.914893617021278,1.2192,2,7.162800000000001,23.5,11.5,9.5,2017_06,2020,10,40
gas_line,256,-34.074074074074076,1.9812,3.5,6.8580000000000005,22.5,14.166666666666668,11.166666666666668,2017_06,2017,7,1
gas_line,256,-35.55555555555556,2.5908,1.5,6.8580000000000005,22.5,16.5,9.5,2017_06,2018,10,16
gas_line,256,-40.54054054054054,0.3048,1,5.638800000000001,18.5,8.5,8.5,2017_06,2019,11,29
gas_line,256,-38.46153846153846,0.1524,0.5,5.9436,19.5,8,8,2017_06,2020,10,40
gas_line,257,-16.825396825396826,2.1336,4,6.4008,21,10.533333333333333,7.533333333333333,2017_06,2017,7,1
gas_line,257,-14.285714285714286,1.6764000000000001,4.5,8.5344,28,9.5,8.5,2017_06,2018,10,16
gas_line,257,-13.953488372093023,1.8288000000000002,2.5,6.5532,21.5,9,5.5,2017_06,2019,11,29
gas_line,257,-17.560975609756095,0.9144000000000001,1,6.2484,20.5,6.6,4.6,2017_06,2020,10,40
gas_line,258,-34.48275862068966,2.8956,5.5,4.4196,14.5,14.5,10.5,2017_06,2017,7,1
gas_line,258,-35.483870967741936,1.524,5,4.7244,15.5,10.5,10.5,2017_06,2018,10,16
gas_line,258,-35.714285714285715,1.3716000000000002,1,4.2672,14,9.5,6,2017_06,2019,11,29
gas_line,258,-34.61538461538461,1.8288000000000002,1.5,3.9624,13,10.5,6,2017_06,2020,10,40
gas_line,259,-36.50793650793651,1.524,2.5,6.4008,21,12.666666666666668,10.166666666666668,2017_06,2017,7,1
gas_line,259,-42.857142857142854,1.0668,1.5,5.3340000000000005,17.5,11,9,2017_06,2018,10,16
gas_line,259,-39.02439024390244,2.5908,1.5,6.2484,20.5,16.5,9.5,2017_06,2019,11,29
gas_line,259,-37.5,2.286,1,6.096,20,15,8.5,2017_06,2020,10,40
gas_line,260,-36.95652173913044,1.9812,3,7.010400000000001,23,15,11.5,2017_06,2017,7,1
gas_line,260,-37.77777777777778,1.3716000000000002,2,6.8580000000000005,22.5,13,10.5,2017_06,2018,10,16
gas_line,260,-46.34146341463415,1.9812,2,6.2484,20.5,16,11.5,2017_06,2019,11,29
gas_line,260,-37.5,1.6764000000000001,3,6.096,20,13,10.5,2017_06,2020,10,40
gas_line,261,-29.2,2.7432000000000003,2,7.62,25,16.3,9.3,2017_06,2017,7,1
gas_line,261,-41.86046511627907,1.6764000000000001,2.5,6.5532,21.5,14.5,11.5,2017_06,2018,10,16
gas_line,261,-40,0.9144000000000001,1,4.8768,16,9.4,7.4,2017_06,2019,11,29
gas_line,261,-38.23529411764706,0.6096,1.5,5.1816,17,8.5,8,2017_06,2020,10,40
gas_line,262,-35.1937984496124,3.2004,4,6.5532,21.5,18.066666666666666,11.566666666666666,2017_06,2017,7,1
gas_line,262,-35.813953488372086,2.7432000000000003,3,6.5532,21.5,16.7,10.7,2017_06,2018,10,16
gas_line,262,-36.58536585365854,1.0668,2,6.2484,20.5,11,9.5,2017_06,2019,11,29
gas_line,262,-37.5,0.762,1.5,6.096,20,10,9,2017_06,2020,10,40
gas_line,263,-24.390243902439025,2.286,3,6.2484,20.5,12.5,8,2017_06,2017,7,1
gas_line,263,-27.027027027027028,1.2192,2.5,5.638800000000001,18.5,9,7.5,2017_06,2018,10,16
gas_line,263,-29.41176470588235,1.2192,1.5,5.1816,17,9,6.5,2017_06,2019,11,29
gas_line,263,-33.333333333333336,1.2192,1,4.572,15,9,6,2017_06,2020,10,40
gas_line,264,-28.985507246376816,3.6576000000000004,3.5,7.010400000000001,23,18.666666666666668,10.166666666666668,2017_06,2017,7,1
gas_line,264,-39.39393939393939,3.048,3,5.0292,16.5,16.5,9.5,2017_06,2018,10,16
gas_line,264,-40.54054054054054,1.6764000000000001,3,5.638800000000001,18.5,13,10.5,2017_06,2019,11,29
gas_line,264,-40,1.3716000000000002,2,4.572,15,10.5,8,2017_06,2020,10,40
gas_line,265,-35.23809523809524,2.286,2.5,5.3340000000000005,17.5,13.666666666666668,8.666666666666668,2017_06,2017,7,1
gas_line,265,-24.390243902439025,0.9144000000000001,3,6.2484,20.5,8,8,2017_06,2018,10,16
gas_line,265,-28,0.9144000000000001,3,7.62,25,10,10,2017_06,2019,11,29
gas_line,265,-30.232558139534884,0.9144000000000001,0.5,6.5532,21.5,9.5,7,2017_06,2020,10,40
gas_line,266,-25.925925925925927,2.5908,5,5.486400000000001,18,13.166666666666668,9.666666666666668,2017_06,2017,7,1
gas_line,266,-26.31578947368421,2.4384,5,5.7912,19,13,10,2017_06,2018,10,16
gas_line,266,-25,2.286,4.5,5.486400000000001,18,12,9,2017_06,2019,11,29
gas_line,266,-27.272727272727273,1.8288000000000002,3.5,5.0292,16.5,10.5,8,2017_06,2020,10,40
gas_line,267,-24.074074074074073,1.8288000000000002,4,5.486400000000001,18,10.333333333333332,8.333333333333332,2017_06,2017,7,1
gas_line,267,-25.714285714285715,1.2192,4,5.3340000000000005,17.5,8.5,8.5,2017_06,2018,10,16
gas_line,267,-19.51219512195122,0.762,2,6.2484,20.5,6.5,6,2017_06,2019,11,29
gas_line,267,-26.470588235294116,0.9144000000000001,2,5.1816,17,7.5,6.5,2017_06,2020,10,40
gas_line,268,-24.56140350877193,2.8956,4.5,5.7912,19,14.166666666666668,9.166666666666668,2017_06,2017,7,1
gas_line,268,-33.333333333333336,2.7432000000000003,5,4.1148,13.5,13.5,9.5,2017_06,2018,10,16
gas_line,268,-27.77777777777778,1.6764000000000001,3,5.486400000000001,18,10.5,8,2017_06,2019,11,29
gas_line,268,-24.324324324324323,1.6764000000000001,2.5,5.638800000000001,18.5,10,7,2017_06,2020,10,40
gas_line,269,-11.11111111111111,2.4384,4.5,5.9436,19.5,10.166666666666666,6.666666666666666,2017_06,2017,7,1
gas_line,269,-8.108108108108109,1.9812,2.5,5.638800000000001,18.5,8,4,2017_06,2018,10,16
gas_line,269,-13.513513513513514,1.2192,3,5.638800000000001,18.5,6.5,5.5,2017_06,2019,11,29
gas_line,269,-13.88888888888889,0.9144000000000001,2,5.486400000000001,18,5.5,4.5,2017_06,2020,10,40
gas_line,270,-9.25925925925926,2.8956,7,5.486400000000001,18,11.166666666666666,8.666666666666666,2017_06,2017,7,1
gas_line,270,-9.375,2.8956,6.5,4.8768,16,11,8,2017_06,2018,10,16
gas_line,270,-7.5,1.9812,4,6.096,20,8,5.5,2017_06,2019,11,29
gas_line,270,-13.793103448275861,1.3716000000000002,3,4.4196,14.5,6.5,5,2017_06,2020,10,40
gas_line,271,-9.166666666666666,2.4384,7,6.096,20,9.833333333333334,8.833333333333334,2017_06,2017,7,1
gas_line,271,-6.521739130434782,3.048,4.5,7.010400000000001,23,11.5,6,2017_06,2018,10,16
gas_line,271,-10.256410256410257,2.1336,4,5.9436,19.5,9,6,2017_06,2019,11,29
gas_line,271,-11.428571428571429,1.8288000000000002,4.5,5.3340000000000005,17.5,8,6.5,2017_06,2020,10,40
gas_line,272,-7.291666666666667,2.8956,5.5,4.8768,16,10.666666666666666,6.666666666666667,2017_06,2017,7,1
gas_line,272,-6.451612903225806,2.1336,7,4.7244,15.5,8,8,2017_06,2018,10,16
gas_line,272,-11.11111111111111,2.5908,5,4.1148,13.5,10,6.5,2017_06,2019,11,29
gas_line,272,-6.0606060606060606,1.9812,4.5,5.0292,16.5,7.5,5.5,2017_06,2020,10,40
gas_line,273,-3.3333333333333335,3.6576000000000004,10,6.8580000000000005,22.5,12.75,10.75,2017_06,2017,7,1
gas_line,273,-2.857142857142857,2.1336,7,8.5344,28,7.8,7.8,2017_06,2018,10,16
gas_line,273,-2.0833333333333335,2.286,7.5,7.315200000000001,24,8,8,2017_06,2019,11,29
gas_line,273,-4.25531914893617,1.8288000000000002,6,7.162800000000001,23.5,7,7,2017_06,2020,10,40
red_pine,601,-15.409836065573769,3.3528000000000002,5,9.2964,30.5,15.7,9.7,2017_07,2017,8,1
red_pine,601,-17.647058823529413,2.286,4,7.7724,25.5,12,8.5,2017_07,2018,8,16
red_pine,601,-18.181818181818183,2.1336,3,6.7056000000000004,22,11,7,2017_07,2019,8,28
red_pine,601,-17.5,1.2192,1.5,6.096,20,7.5,5,2017_07,2020,8,40
red_pine,602,-16.521739130434778,1.8288000000000002,1.5,10.515600000000001,34.5,11.7,7.199999999999999,2017_07,2017,8,1
red_pine,602,-13.043478260869565,0.9144000000000001,1.5,10.515600000000001,34.5,7.5,6,2017_07,2018,8,16
red_pine,602,-12.121212121212121,1.3716000000000002,1.5,10.0584,33,8.5,5.5,2017_07,2019,8,28
red_pine,602,-12.857142857142858,1.2192,2,10.668000000000001,35,8.5,6.5,2017_07,2020,8,40
red_pine,603,-18.275862068965512,2.7432000000000003,4.5,8.8392,29,14.299999999999999,9.799999999999999,2017_07,2017,8,1
red_pine,603,-19.672131147540984,2.1336,6,9.2964,30.5,13,12,2017_07,2018,8,16
red_pine,603,-16.949152542372882,1.9812,3,8.9916,29.5,11.5,8,2017_07,2019,8,28
red_pine,603,-15.254237288135593,1.6764000000000001,2.5,8.9916,29.5,10,7,2017_07,2020,8,40
red_pine,604,-20.923076923076927,2.1336,5.5,9.906,32.5,13.8,12.3,2017_07,2017,8,1
red_pine,604,-22.058823529411764,1.3716000000000002,4.5,10.3632,34,12,12,2017_07,2018,8,16
red_pine,604,-23.18840579710145,1.2192,1.5,10.515600000000001,34.5,12,9.5,2017_07,2019,8,28
red_pine,604,-25.396825396825395,0.45720000000000005,1.5,9.6012,31.5,9.5,9.5,2017_07,2020,8,40
red_pine,605,-19.999999999999996,1.9812,3.5,9.4488,31,12.7,9.7,2017_07,2017,8,1
red_pine,605,-20.3125,2.1336,3,9.7536,32,13.5,9.5,2017_07,2018,8,16
red_pine,605,-18.46153846153846,1.2192,2.5,9.906,32.5,10,8.5,2017_07,2019,8,28
red_pine,605,-22.413793103448278,0.3048,0.5,8.8392,29,7.5,7,2017_07,2020,8,40
red_pine,606,-21.73913043478261,3.3528000000000002,4,7.010400000000001,23,16,9,2017_07,2017,8,1
red_pine,606,-22.727272727272727,2.8956,3.5,6.7056000000000004,22,14.5,8.5,2017_07,2018,8,16
red_pine,606,-23.80952380952381,2.5908,3,6.4008,21,13.5,8,2017_07,2019,8,28
red_pine,606,-22.5,2.4384,3,6.096,20,12.5,7.5,2017_07,2020,8,40
red_pine,607,-26.31578947368421,2.1336,3,8.6868,28.5,14.5,10.5,2017_07,2017,8,1
red_pine,607,-23.80952380952381,1.8288000000000002,2,9.6012,31.5,13.5,9.5,2017_07,2018,8,16
red_pine,607,-25.862068965517242,1.6764000000000001,3,8.8392,29,13,10.5,2017_07,2019,8,28
red_pine,607,-25,1.0668,2,9.144,30,11,9.5,2017_07,2020,8,40
red_pine,608,-24.44444444444444,1.6611600000000002,3,9.6012,31.5,13.149999999999999,10.7,2017_07,2017,8,1
red_pine,608,-23.333333333333332,1.0668,3.5,9.144,30,10.5,10.5,2017_07,2018,8,16
red_pine,608,-24.074074074074073,1.0668,3,8.2296,27,10,9.5,2017_07,2019,8,28
red_pine,608,-24.137931034482758,0.762,2,8.8392,29,9.5,9,2017_07,2020,8,40
red_pine,609,-23.116883116883116,1.3716000000000002,2.5,11.7348,38.5,13.4,11.4,2017_07,2017,8,1
red_pine,609,-21.176470588235293,0.762,1.5,12.954,42.5,11.5,10.5,2017_07,2018,8,16
red_pine,609,-22.07792207792208,0.1524,-0.5,11.7348,38.5,9,8,2017_07,2019,8,28
red_pine,609,-23.076923076923077,0.45720000000000005,-0.5,11.8872,39,10.5,8.5,2017_07,2020,8,40
red_pine,610,-18.4375,2.4384,3.5,9.7536,32,13.9,9.4,2017_07,2017,8,1
red_pine,610,-20,1.8288000000000002,2.5,9.144,30,12,8.5,2017_07,2018,8,16
red_pine,610,-23.4375,1.9812,2,9.7536,32,14,9.5,2017_07,2019,8,28
red_pine,610,-21.428571428571427,1.6764000000000001,1.5,10.668000000000001,35,13,9,2017_07,2020,8,40
red_pine,611,-21.153846153846153,2.5908,3.5,7.9248,26,14,9,2017_07,2017,8,1
red_pine,611,-18.888888888888886,2.5908,3,8.2296,27,13.6,8.1,2017_07,2018,8,16
red_pine,611,-23.076923076923077,2.1336,2.5,7.9248,26,13,8.5,2017_07,2019,8,28
red_pine,611,-19.565217391304348,1.8288000000000002,1.5,7.010400000000001,23,10.5,6,2017_07,2020,8,40
red_pine,612,-22.448979591836736,1.8288000000000002,3,7.4676,24.5,11.5,8.5,2017_07,2017,8,1
red_pine,612,-19.607843137254903,1.6764000000000001,2.5,7.7724,25.5,10.5,7.5,2017_07,2018,8,16
red_pine,612,-24,1.3716000000000002,2.5,7.62,25,10.5,8.5,2017_07,2019,8,28
red_pine,612,-24,1.2192,1.5,7.62,25,10,7.5,2017_07,2020,8,40
red_pine,613,-22.666666666666668,1.8288000000000002,3,11.43,37.5,14.5,11.5,2017_07,2017,8,1
red_pine,613,-24.285714285714285,1.2192,1.5,10.668000000000001,35,12.5,10,2017_07,2018,8,16
red_pine,613,-25,1.2192,2,9.144,30,11.5,9.5,2017_07,2019,8,28
red_pine,613,-22.058823529411764,1.2192,2,10.3632,34,11.5,9.5,2017_07,2020,8,40
red_pine,614,-20.750000000000004,1.8288000000000002,2.5,12.192,40,14.3,10.8,2017_07,2017,8,1
red_pine,614,-26.470588235294116,0.6096,1.5,10.3632,34,11,10.5,2017_07,2018,8,16
red_pine,614,-26.027397260273972,0.6096,2,11.125200000000001,36.5,11.5,11.5,2017_07,2019,8,28
red_pine,614,-26.153846153846153,0.3048,2,9.906,32.5,9.5,10.5,2017_07,2020,8,40
red_pine,615,-19.565217391304348,1.524,2.5,7.010400000000001,23,9.5,7,2017_07,2017,8,1
red_pine,615,-19.148936170212767,1.0668,1.5,7.162800000000001,23.5,8,6,2017_07,2018,8,16
red_pine,615,-22.22222222222222,0.9144000000000001,2.5,9.6012,31.5,10,9.5,2017_07,2019,8,28
red_pine,615,-20.454545454545453,0.6096,1,6.7056000000000004,22,6.5,5.5,2017_07,2020,8,40
red_pine,616,-25.483870967741936,1.6764000000000001,3,9.4488,31,13.4,10.9,2017_07,2017,8,1
red_pine,616,-29.032258064516128,1.3716000000000002,2,9.4488,31,13.5,11,2017_07,2018,8,16
red_pine,616,-29.09090909090909,0.9144000000000001,2,8.382,27.5,11,10,2017_07,2019,8,28
red_pine,616,-29.09090909090909,1.0668,1.5,8.382,27.5,11.5,9.5,2017_07,2020,8,40
red_pine,617,-37.735849056603776,3.048,4.5,8.077200000000001,26.5,20,14.5,2017_07,2017,8,1
red_pine,617,-32.06896551724138,2.286,3.5,8.8392,29,16.8,12.8,2017_07,2018,8,16
red_pine,617,-38.18181818181818,1.8288000000000002,3.5,8.382,27.5,16.5,14,2017_07,2019,8,28
red_pine,617,-45.11627906976744,0.762,2,6.5532,21.5,12.2,11.7,2017_07,2020,8,40
red_pine,618,-33.58490566037736,2.1336,5,8.077200000000001,26.5,15.9,13.9,2017_07,2017,8,1
red_pine,618,-34.285714285714285,1.8288000000000002,4,9.6012,31.5,16.8,14.8,2017_07,2018,8,16
red_pine,618,-33.333333333333336,1.0668,3.5,8.6868,28.5,13,13,2017_07,2019,8,28
red_pine,618,-31.57894736842105,1.0668,1.5,8.6868,28.5,12.5,10.5,2017_07,2020,8,40
red_pine,619,-21.111111111111114,2.7432000000000003,7.5,5.486400000000001,18,12.8,11.3,2017_07,2017,8,1
red_pine,619,-18.91891891891892,2.5908,7,5.638800000000001,18.5,12,10.5,2017_07,2018,8,16
red_pine,619,-19.48717948717949,2.5908,7,5.9436,19.5,12.3,10.8,2017_07,2019,8,28
red_pine,619,-22.631578947368425,2.1336,6,5.7912,19,11.3,10.3,2017_07,2020,8,40
red_pine,620,-26.53061224489796,2.5908,6.5,7.4676,24.5,15,13,2017_07,2017,8,1
red_pine,620,-21.090909090909093,2.4384,5.5,8.382,27.5,13.8,11.3,2017_07,2018,8,16
red_pine,620,-25,2.4384,5.5,7.315200000000001,24,14,11.5,2017_07,2019,8,28
red_pine,620,-19.200000000000003,2.286,5.5,7.62,25,12.3,10.3,2017_07,2020,8,40
red_pine,621,-21.62162162162162,3.6576000000000004,8,5.638800000000001,18.5,16,12,2017_07,2017,8,1
red_pine,621,-20,3.048,6.5,6.096,20,14,10.5,2017_07,2018,8,16
red_pine,621,-20.930232558139537,2.286,4,6.5532,21.5,12,8.5,2017_07,2019,8,28
red_pine,621,-21.860465116279066,2.1336,4.5,6.5532,21.5,11.7,9.2,2017_07,2020,8,40
red_pine,622,-11.707317073170733,2.8956,5,6.2484,20.5,11.9,7.4,2017_07,2017,8,1
red_pine,622,-9.75609756097561,2.4384,4.5,6.2484,20.5,10,6.5,2017_07,2018,8,16
red_pine,622,-10.81081081081081,2.286,4,5.638800000000001,18.5,9.5,6,2017_07,2019,8,28
red_pine,622,-5,2.1336,4,6.096,20,8,5,2017_07,2020,8,40
red_pine,623,-11.428571428571429,2.4384,5.5,5.3340000000000005,17.5,10,7.5,2017_07,2017,8,1
red_pine,623,-8.823529411764707,2.286,4.5,5.1816,17,9,6,2017_07,2018,8,16
red_pine,623,-9.67741935483871,2.1336,3.5,4.7244,15.5,8.5,5,2017_07,2019,8,28
red_pine,623,-9.67741935483871,2.1336,2.5,4.7244,15.5,8.5,4,2017_07,2020,8,40
red_pine,624,-12.888888888888891,3.3528000000000002,6.5,6.8580000000000005,22.5,13.9,9.4,2017_07,2017,8,1
red_pine,624,-7.931034482758623,3.3528000000000002,7,8.8392,29,13.3,9.3,2017_07,2018,8,16
red_pine,624,-9.523809523809524,3.2004,6,6.4008,21,12.5,8,2017_07,2019,8,28
red_pine,624,-11.904761904761905,2.8956,5,6.4008,21,12,7.5,2017_07,2020,8,40
red_pine,625,4.23076923076923,3.9624,7.5,7.9248,26,11.9,6.4,2017_07,2017,8,1
red_pine,625,3.389830508474576,3.2004,6.5,8.9916,29.5,9.5,5.5,2017_07,2018,8,16
red_pine,625,0,2.7432000000000003,5,8.077200000000001,26.5,9,5,2017_07,2019,8,28
red_pine,625,1.9607843137254901,2.5908,5,7.7724,25.5,8,4.5,2017_07,2020,8,40
red_pine,626,4.799999999999997,3.3528000000000002,9,7.62,25,9.8,7.800000000000001,2017_07,2017,8,1
red_pine,626,6.521739130434782,2.5908,8,7.010400000000001,23,7,6.5,2017_07,2018,8,16
red_pine,626,4.3478260869565215,2.1336,5,7.010400000000001,23,6,4,2017_07,2019,8,28
red_pine,626,2.5,2.1336,5,6.096,20,6.5,4.5,2017_07,2020,8,40
red_pine,627,4.705882352941174,2.4384,6.5,7.7724,25.5,6.800000000000001,5.300000000000001,2017_07,2017,8,1
red_pine,627,4.081632653061225,2.286,6,7.4676,24.5,6.5,5,2017_07,2018,8,16
red_pine,627,4.545454545454546,2.286,5.5,6.7056000000000004,22,6.5,4.5,2017_07,2019,8,28
red_pine,627,4.651162790697675,2.1336,5,6.5532,21.5,6,4,2017_07,2020,8,40
red_pine,628,-4.444444444444442,3.3528000000000002,7.5,4.1148,13.5,11.6,8.1,2017_07,2017,8,1
red_pine,628,5.405405405405405,2.7432000000000003,7,5.638800000000001,18.5,8,6,2017_07,2018,8,16
red_pine,628,2.857142857142857,2.5908,5,5.3340000000000005,17.5,8,4.5,2017_07,2019,8,28
red_pine,628,-3.4482758620689653,1.8288000000000002,3.5,4.4196,14.5,6.5,4,2017_07,2020,8,40
red_pine,629,2.5,3.048,6,6.096,20,9.5,5.5,2017_07,2017,8,1
red_pine,629,2.380952380952381,2.7432000000000003,6,6.4008,21,8.5,5.5,2017_07,2018,8,16
red_pine,629,2.857142857142857,2.1336,5.5,5.3340000000000005,17.5,6.5,5,2017_07,2019,8,28
red_pine,629,2.9411764705882355,2.4384,5,5.1816,17,7.5,4.5,2017_07,2020,8,40
red_pine,630,0,2.8956,5.5,5.638800000000001,18.5,9.5,5.5,2017_07,2017,8,1
red_pine,630,0,2.5908,5.5,4.8768,16,8.5,5.5,2017_07,2018,8,16
red_pine,630,0,2.286,5.5,4.7244,15.5,7.5,5.5,2017_07,2019,8,28
red_pine,630,-3.8461538461538463,1.8288000000000002,5,3.9624,13,6.5,5.5,2017_07,2020,8,40
red_pine,631,2.790697674418603,4.4196,8,6.5532,21.5,13.9,7.4,2017_07,2017,8,1
red_pine,631,1.9607843137254901,3.81,8,7.7724,25.5,12,7.5,2017_07,2018,8,16
red_pine,631,0,2.4384,6.5,5.638800000000001,18.5,8,6.5,2017_07,2019,8,28
red_pine,631,0,2.7432000000000003,5,4.7244,15.5,9,5,2017_07,2020,8,40
red_pine,632,0,2.4384,8,6.4008,21,8,8,2017_07,2017,8,1
red_pine,632,0,2.1336,7,6.4008,21,7,7,2017_07,2018,8,16
red_pine,632,2.4390243902439024,2.1336,3,6.2484,20.5,6.5,2.5,2017_07,2019,8,28
red_pine,632,-2.3255813953488373,1.8288000000000002,3,6.5532,21.5,6.5,3.5,2017_07,2020,8,40
red_pine,633,7.407407407407407,2.7432000000000003,3,8.2296,27,7,1,2017_07,2017,8,1
red_pine,633,4.25531914893617,3.048,6,7.162800000000001,23.5,9,5,2017_07,2018,8,16
red_pine,633,4,1.6764000000000001,4.5,7.62,25,4.5,3.5,2017_07,2019,8,28
red_pine,633,4.081632653061225,1.3716000000000002,4,7.4676,24.5,3.5,3,2017_07,2020,8,40
red_pine,634,7.6923076923076925,2.5908,6,7.9248,26,6.5,4,2017_07,2017,8,1
red_pine,634,7.547169811320755,1.9812,5.5,8.077200000000001,26.5,4.5,3.5,2017_07,2018,8,16
red_pine,634,2,1.6764000000000001,4.5,7.62,25,5,4,2017_07,2019,8,28
red_pine,634,1.8518518518518519,1.6764000000000001,3,8.2296,27,5,2.5,2017_07,2020,8,40
red_pine,635,2.7027027027027026,1.8288000000000002,3.5,5.638800000000001,18.5,5.5,3,2017_07,2017,8,1
red_pine,635,2.380952380952381,2.7432000000000003,6,6.4008,21,8.5,5.5,2017_07,2018,8,16
red_pine,635,0,2.1336,5.5,5.3340000000000005,17.5,7,5.5,2017_07,2019,8,28
red_pine,635,2.7027027027027026,1.9812,5,5.638800000000001,18.5,6,4.5,2017_07,2020,8,40
red_pine,636,-2.0000000000000018,2.4384,4,6.096,20,8.4,4.4,2017_07,2017,8,1
red_pine,636,-5,2.5908,3.5,6.096,20,9.5,4.5,2017_07,2018,8,16
red_pine,636,-5.128205128205129,2.4384,3,5.9436,19.5,9,4,2017_07,2019,8,28
red_pine,636,-2.5641025641025643,2.4384,2.5,5.9436,19.5,8.5,3,2017_07,2020,8,40
red_pine,637,0,1.8288000000000002,6,7.9248,26,6,6,2017_07,2017,8,1
red_pine,637,0,3.3528000000000002,4.5,7.9248,26,11,4.5,2017_07,2018,8,16
red_pine,637,0,2.286,4.5,7.162800000000001,23.5,7.5,4.5,2017_07,2019,8,28
red_pine,637,-2.1739130434782608,2.286,4.5,7.010400000000001,23,8,5,2017_07,2020,8,40
red_pine,638,3.5897435897435903,2.4384,7.5,5.9436,19.5,7.3,6.8,2017_07,2017,8,1
red_pine,638,2.272727272727273,2.1336,7,6.7056000000000004,22,6.5,6.5,2017_07,2018,8,16
red_pine,638,5.714285714285714,1.9812,4.5,5.3340000000000005,17.5,5.5,3.5,2017_07,2019,8,28
red_pine,638,0,1.8288000000000002,3.5,5.0292,16.5,6,3.5,2017_07,2020,8,40
boot,332,16.744186046511626,3.6576000000000004,8,6.5532,21.5,8.4,4.4,2017_08,2018,5,9
boot,332,15.555555555555555,3.5052000000000003,7,6.8580000000000005,22.5,8,3.5,2017_08,2019,6,22
boot,332,16.666666666666668,2.8956,7,6.4008,21,6,3.5,2017_08,2020,5,33
boot,332,15.384615384615385,1.9812,6.5,5.9436,19.5,3.5,3.5,2017_08,2021,4,44
boot,333,16,4.1148,9.5,7.62,25,9.5,5.5,2017_08,2018,5,9
boot,333,16,4.1148,7.5,7.62,25,9.5,3.5,2017_08,2019,6,22
boot,333,15.909090909090908,2.7432000000000003,7.5,6.7056000000000004,22,5.5,4,2017_08,2020,5,33
boot,333,16.666666666666668,2.7432000000000003,7,6.4008,21,5.5,3.5,2017_08,2021,4,44
boot,334,-0.4999999999999982,3.2004,6,6.096,20,10.6,6.1,2017_08,2018,5,9
boot,334,-4.878048780487805,3.048,5.5,6.2484,20.5,11,6.5,2017_08,2019,6,22
boot,334,-8.823529411764707,2.7432000000000003,5.5,5.1816,17,10.5,7,2017_08,2020,5,33
boot,334,-3.125,2.1336,5,4.8768,16,7.5,5.5,2017_08,2021,4,44
boot,335,8.611111111111109,3.5052000000000003,10,10.972800000000001,36,8.4,6.9,2017_08,2018,5,9
boot,335,-4.666666666666668,3.6576000000000004,8.5,9.144,30,13.4,9.9,2017_08,2019,6,22
boot,335,0,3.5052000000000003,6.5,7.62,25,11.5,6.5,2017_08,2020,5,33
boot,335,0,3.3528000000000002,5,6.4008,21,11,5,2017_08,2021,4,44
boot,336,-15,2.7432000000000003,9,6.096,20,12,12,2017_08,2018,5,9
boot,336,-16.666666666666668,2.4384,8,7.315200000000001,24,12,12,2017_08,2019,6,22
boot,336,-12.820512820512821,2.5908,8.5,5.9436,19.5,11,11,2017_08,2020,5,33
boot,336,-13.157894736842104,2.4384,3.5,5.7912,19,10.5,6,2017_08,2021,4,44
boot,337,-4.411764705882353,3.81,8,10.3632,34,14,9.5,2017_08,2018,5,9
boot,337,-5.970149253731344,3.2004,7.5,10.2108,33.5,12.5,9.5,2017_08,2019,6,22
boot,337,-10.909090909090908,1.9812,5,8.382,27.5,9.5,8,2017_08,2020,5,33
boot,337,-6,1.9812,5.5,7.62,25,8,7,2017_08,2021,4,44
boot,338,-6.451612903225806,2.7432000000000003,5.5,4.7244,15.5,10,6.5,2017_08,2018,5,9
boot,338,-8.823529411764707,2.286,4.5,5.1816,17,9,6,2017_08,2019,6,22
boot,338,-12.5,1.8288000000000002,3.5,4.8768,16,8,5.5,2017_08,2020,5,33
boot,338,-3.4482758620689653,1.8288000000000002,3.5,4.4196,14.5,6.5,4,2017_08,2021,4,44
boot,339,-5,3.5052000000000003,9,12.192,40,13.5,11,2017_08,2018,5,9
boot,339,-9.836065573770492,3.048,7.5,9.2964,30.5,13,10.5,2017_08,2019,6,22
boot,339,-7.6923076923076925,1.9812,4,9.906,32.5,9,6.5,2017_08,2020,5,33
boot,339,-6.296296296296294,2.286,2.5,8.2296,27,9.2,4.199999999999999,2017_08,2021,4,44
boot,340,-8,3.9624,9.5,7.62,25,15,11.5,2017_08,2018,5,9
boot,340,-9.433962264150944,2.8956,8,8.077200000000001,26.5,12,10.5,2017_08,2019,6,22
boot,340,-4.166666666666667,2.5908,6,7.315200000000001,24,9.5,7,2017_08,2020,5,33
boot,340,-2.272727272727273,2.286,4.5,6.7056000000000004,22,8,5,2017_08,2021,4,44
boot,341,-15.625,3.5052000000000003,7.5,9.7536,32,16.5,12.5,2017_08,2018,5,9
boot,341,-16,2.8956,6.5,7.62,25,13.5,10.5,2017_08,2019,6,22
boot,341,-18.75,2.286,5.5,7.315200000000001,24,12,10,2017_08,2020,5,33
boot,341,-18.75,1.8288000000000002,5,7.315200000000001,24,10.5,9.5,2017_08,2021,4,44
boot,342,-13.26259946949602,3.3528000000000002,11.5,11.490960000000001,37.7,16,16.5,2017_08,2018,5,9
boot,342,-16.129032258064516,3.048,5,9.4488,31,15,10,2017_08,2019,6,22
boot,342,-19.444444444444443,1.9812,4,10.972800000000001,36,13.5,11,2017_08,2020,5,33
boot,342,-17.073170731707318,1.524,3,6.2484,20.5,8.5,6.5,2017_08,2021,4,44
boot,343,-13.333333333333334,3.5052000000000003,8,6.8580000000000005,22.5,14.5,11,2017_08,2018,5,9
boot,343,-13.953488372093023,3.5052000000000003,8,6.5532,21.5,14.5,11,2017_08,2019,6,22
boot,343,-16.666666666666668,3.2004,7,6.4008,21,14,10.5,2017_08,2020,5,33
boot,343,-11.904761904761905,3.048,6.5,6.4008,21,12.5,9,2017_08,2021,4,44
boot,344,7.64705882352941,3.9624,10,10.3632,34,10.4,7.4,2017_08,2018,5,9
boot,344,0,3.5052000000000003,8,8.6868,28.5,11.5,8,2017_08,2019,6,22
boot,344,3.125,3.5052000000000003,8.5,9.7536,32,10.5,7.5,2017_08,2020,5,33
boot,344,4.477611940298507,3.2004,8.5,10.2108,33.5,9,7,2017_08,2021,4,44
boot,345,8.88888888888889,5.1816,11.5,6.8580000000000005,22.5,15,9.5,2017_08,2018,5,9
boot,345,9.090909090909092,5.0292,11,6.7056000000000004,22,14.5,9,2017_08,2019,6,22
boot,345,6.818181818181818,3.2004,6,6.7056000000000004,22,9,4.5,2017_08,2020,5,33
boot,345,6.666666666666667,2.7432000000000003,5.5,6.8580000000000005,22.5,7.5,4,2017_08,2021,4,44
boot,346,4.878048780487805,2.4384,5.5,6.2484,20.5,7,4.5,2017_08,2018,5,9
boot,346,2.272727272727273,2.5908,5.5,6.7056000000000004,22,8,5,2017_08,2019,6,22
boot,346,4.651162790697675,2.1336,5.5,6.5532,21.5,6,4.5,2017_08,2020,5,33
boot,346,5,1.9812,5,6.096,20,5.5,4,2017_08,2021,4,44
boot,347,-21.224489795918362,3.2004,8.9,7.4676,24.5,15.7,14.1,2017_08,2018,5,9
boot,347,-25,3.2004,7.5,7.9248,26,17,14,2017_08,2019,6,22
boot,347,-8.333333333333334,3.2004,5,5.486400000000001,18,12,6.5,2017_08,2020,5,33
boot,347,-8.333333333333334,2.8956,4.5,5.486400000000001,18,11,6,2017_08,2021,4,44
boot,348,-18.787878787878785,2.4384,7,10.0584,33,14.2,13.2,2017_08,2018,5,9
boot,348,-20.307692307692307,1.8288000000000002,6,9.906,32.5,12.6,12.6,2017_08,2019,6,22
boot,348,-19.672131147540984,1.2192,3.5,9.2964,30.5,10,9.5,2017_08,2020,5,33
boot,348,-11.11111111111111,1.6764000000000001,2.5,9.6012,31.5,9,6,2017_08,2021,4,44
boot,349,-18.723404255319153,2.7432000000000003,9,7.162800000000001,23.5,13.4,13.4,2017_08,2018,5,9
boot,349,-27.23404255319149,2.286,7.5,7.162800000000001,23.5,13.9,13.9,2017_08,2019,6,22
boot,349,-19.565217391304348,1.9812,3.5,7.010400000000001,23,11,8,2017_08,2020,5,33
boot,349,-25,1.8288000000000002,3,5.486400000000001,18,10.5,7.5,2017_08,2021,4,44
boot,350,-36.36363636363637,2.5908,6,6.7056000000000004,22,16.5,14,2017_08,2018,5,9
boot,350,-35.416666666666664,1.3716000000000002,2.5,7.315200000000001,24,13,11,2017_08,2019,6,22
boot,350,-37.03703703703704,1.0668,1.5,8.2296,27,13.5,11.5,2017_08,2020,5,33
boot,350,-34.09090909090909,0.762,0.5,6.7056000000000004,22,10,8,2017_08,2021,4,44
boot,351,-30.612244897959183,1.524,2.5,7.4676,24.5,12.5,10,2017_08,2018,5,9
boot,351,-32.55813953488372,1.2192,1.5,6.5532,21.5,11,8.5,2017_08,2019,6,22
boot,351,-30.952380952380953,0.9144000000000001,1.5,6.4008,21,9.5,8,2017_08,2020,5,33
boot,351,-33.333333333333336,0.3048,-0.5,5.9436,19.5,7.5,6,2017_08,2021,4,44
boot,352,-23.636363636363637,2.4384,4.5,8.382,27.5,14.5,11,2017_08,2018,5,9
boot,352,-25.806451612903224,2.1336,3,9.4488,31,15,11,2017_08,2019,6,22
boot,352,-35.714285714285715,1.9812,3,6.4008,21,14,10.5,2017_08,2020,5,33
boot,352,-24.193548387096776,1.6764000000000001,1.5,9.4488,31,13,9,2017_08,2021,4,44
boot,353,-20.833333333333332,1.9812,4.5,7.315200000000001,24,11.5,9.5,2017_08,2018,5,9
boot,353,-16.3265306122449,1.6764000000000001,4,7.4676,24.5,9.5,8,2017_08,2019,6,22
boot,353,-20,1.3716000000000002,3,7.62,25,9.5,8,2017_08,2020,5,33
boot,353,-19.607843137254903,0.762,2.5,7.7724,25.5,7.5,7.5,2017_08,2021,4,44
boot,354,-12.941176470588237,3.6576000000000004,7,7.7724,25.5,15.3,10.3,2017_08,2018,5,9
boot,354,-12.173913043478263,2.8956,6,7.010400000000001,23,12.3,8.8,2017_08,2019,6,22
boot,354,-6.521739130434782,2.5908,6,7.010400000000001,23,10,7.5,2017_08,2020,5,33
boot,354,-14.285714285714286,2.1336,5.5,6.4008,21,10,8.5,2017_08,2021,4,44
boot,355,-16.666666666666668,2.4384,5,7.315200000000001,24,12,9,2017_08,2018,5,9
boot,355,-20,1.9812,4,6.096,20,10.5,8,2017_08,2019,6,22
boot,355,-23.076923076923077,1.524,3.5,5.9436,19.5,9.5,8,2017_08,2020,5,33
boot,355,-24.324324324324323,1.3716000000000002,3,5.638800000000001,18.5,9,7.5,2017_08,2021,4,44
boot,356,-17.5,4.1148,10.5,6.096,20,17,14,2017_08,2018,5,9
boot,356,-19.411764705882355,3.6576000000000004,9,5.1816,17,15.3,12.3,2017_08,2019,6,22
boot,356,-26.666666666666668,1.8288000000000002,4,4.572,15,10,8,2017_08,2020,5,33
boot,356,-19.35483870967742,1.0668,3.5,4.7244,15.5,6.5,6.5,2017_08,2021,4,44
boot,357,-15.813953488372096,2.1336,3.5,6.5532,21.5,10.4,6.9,2017_08,2018,5,9
boot,357,-15.217391304347826,2.286,3,7.010400000000001,23,11,6.5,2017_08,2019,6,22
boot,357,-13.953488372093023,1.524,2.5,6.5532,21.5,8,5.5,2017_08,2020,5,33
boot,357,-11.627906976744185,0.9144000000000001,2,6.5532,21.5,5.5,4.5,2017_08,2021,4,44
boot,358,-14.893617021276595,1.9812,5.5,7.162800000000001,23.5,10,9,2017_08,2018,5,9
boot,358,-25.714285714285715,1.6764000000000001,4.5,5.3340000000000005,17.5,10,9,2017_08,2019,6,22
boot,358,-20,1.524,3,6.096,20,9,7,2017_08,2020,5,33
boot,358,-23.076923076923077,1.3716000000000002,3,5.9436,19.5,9,7.5,2017_08,2021,4,44
boot,359,-10,2.5908,7.5,7.62,25,11,10,2017_08,2018,5,9
boot,359,-9.090909090909092,2.4384,6.5,6.7056000000000004,22,10,8.5,2017_08,2019,6,22
boot,359,-12.820512820512821,2.1336,5.5,5.9436,19.5,9.5,8,2017_08,2020,5,33
boot,359,-13.88888888888889,1.6764000000000001,4.5,5.486400000000001,18,8,7,2017_08,2021,4,44
boot,360,-20.60606060606061,2.7432000000000003,7,5.0292,16.5,12.4,10.4,2017_08,2018,5,9
boot,360,-19.35483870967742,2.5908,6.5,4.7244,15.5,11.5,9.5,2017_08,2019,6,22
boot,360,-24.137931034482758,2.1336,5,4.4196,14.5,10.5,8.5,2017_08,2020,5,33
boot,360,-18.51851851851852,1.8288000000000002,4.5,4.1148,13.5,8.5,7,2017_08,2021,4,44
boot,361,-19.59183673469388,3.2004,5,7.4676,24.5,15.3,9.8,2017_08,2018,5,9
boot,361,-18.181818181818183,2.8956,4.5,6.7056000000000004,22,13.5,8.5,2017_08,2019,6,22
boot,361,-19.51219512195122,2.7432000000000003,4.5,6.2484,20.5,13,8.5,2017_08,2020,5,33
boot,361,-17.073170731707318,2.1336,4,6.2484,20.5,10.5,7.5,2017_08,2021,4,44
boot,362,-18.571428571428573,2.5908,5.5,6.4008,21,12.4,9.4,2017_08,2018,5,9
boot,362,-15,2.5908,5.5,6.096,20,11.5,8.5,2017_08,2019,6,22
boot,362,-14.634146341463415,1.9812,4.5,6.2484,20.5,9.5,7.5,2017_08,2020,5,33
boot,362,-13.513513513513514,1.8288000000000002,4.5,5.638800000000001,18.5,8.5,7,2017_08,2021,4,44
boot,363,-20.540540540540544,3.3528000000000002,5.5,5.638800000000001,18.5,14.8,9.3,2017_08,2018,5,9
boot,363,-15.384615384615385,2.8956,5.5,5.9436,19.5,12.5,8.5,2017_08,2019,6,22
boot,363,-16.129032258064516,2.4384,5.5,4.7244,15.5,10.5,8,2017_08,2020,5,33
boot,363,-19.35483870967742,1.9812,4.5,4.7244,15.5,9.5,7.5,2017_08,2021,4,44
boot,364,-14.000000000000002,2.4384,5,10.668000000000001,35,12.9,9.9,2017_08,2018,5,9
boot,364,-15.151515151515152,2.1336,4.5,10.0584,33,12,9.5,2017_08,2019,6,22
boot,364,-15.384615384615385,2.1336,2.5,9.906,32.5,12,7.5,2017_08,2020,5,33
boot,364,-14.035087719298245,1.9812,2.5,8.6868,28.5,10.5,6.5,2017_08,2021,4,44
boot,365,-9.25925925925926,2.4384,8,8.2296,27,10.5,10.5,2017_08,2018,5,9
boot,365,-23.673469387755105,3.048,6,7.4676,24.5,15.8,11.8,2017_08,2019,6,22
boot,365,-10.416666666666666,2.8956,3,7.315200000000001,24,12,5.5,2017_08,2020,5,33
boot,365,-11.363636363636363,2.1336,2,6.7056000000000004,22,9.5,4.5,2017_08,2021,4,44
boot,366,7.2413793103448265,3.6576000000000004,9.5,8.8392,29,9.9,7.4,2017_08,2018,5,9
boot,366,9.25925925925926,3.2004,10.5,8.2296,27,8,8,2017_08,2019,6,22
boot,366,6.25,2.7432000000000003,6.5,7.315200000000001,24,7.5,5,2017_08,2020,5,33
boot,366,6.122448979591836,2.286,5.5,7.4676,24.5,6,4,2017_08,2021,4,44
boot,367,8,3.3528000000000002,8,7.62,25,9,6,2017_08,2018,5,9
boot,367,3.9215686274509802,3.6576000000000004,6.5,7.7724,25.5,11,5.5,2017_08,2019,6,22
boot,367,1.3636363636363669,2.7432000000000003,5.5,6.7056000000000004,22,8.7,5.199999999999999,2017_08,2020,5,33
boot,367,2.5641025641025643,2.8956,5.5,5.9436,19.5,9,5,2017_08,2021,4,44
boot,368,8.571428571428571,3.6576000000000004,7,5.3340000000000005,17.5,10.5,5.5,2017_08,2018,5,9
boot,368,-3.0303030303030303,3.2004,6,5.0292,16.5,11,6.5,2017_08,2019,6,22
boot,368,-3.5714285714285716,2.5908,6.5,4.2672,14,9,7,2017_08,2020,5,33
boot,368,0,1.8288000000000002,4.5,4.1148,13.5,6,4.5,2017_08,2021,4,44
boot,369,-5.128205128205129,3.048,7.5,5.9436,19.5,11,8.5,2017_08,2018,5,9
boot,369,-2.272727272727273,2.8956,7.5,6.7056000000000004,22,10,8,2017_08,2019,6,22
boot,369,-10.344827586206897,1.9812,4.5,4.4196,14.5,8,6,2017_08,2020,5,33
boot,369,-3.8461538461538463,1.6764000000000001,3.5,3.9624,13,6,4,2017_08,2021,4,44
boot,370,-2.5,4.572,8.5,6.096,20,15.5,9,2017_08,2018,5,9
boot,370,1.5000000000000036,4.2672,9,6.096,20,13.7,8.7,2017_08,2019,6,22
boot,370,0,3.3528000000000002,7,6.5532,21.5,11,7,2017_08,2020,5,33
boot,370,-5.555555555555555,1.8288000000000002,5.5,5.486400000000001,18,7,6.5,2017_08,2021,4,44
boot,371,-2.0408163265306123,3.5052000000000003,10.5,7.4676,24.5,12,11,2017_08,2018,5,9
boot,371,-4.444444444444445,3.048,8,6.8580000000000005,22.5,11,9,2017_08,2019,6,22
boot,371,-6.382978723404255,2.1336,5.5,7.162800000000001,23.5,8.5,7,2017_08,2020,5,33
boot,371,-4.444444444444445,1.8288000000000002,5,6.8580000000000005,22.5,7,6,2017_08,2021,4,44
boot,372,2.380952380952381,3.2004,6.5,6.4008,21,10,6,2017_08,2018,5,9
boot,372,-2.857142857142857,2.7432000000000003,5.5,5.3340000000000005,17.5,9.5,6,2017_08,2019,6,22
boot,372,-6.25,2.5908,5,4.8768,16,9.5,6,2017_08,2020,5,33
boot,372,-3.7037037037037037,1.524,4.5,4.1148,13.5,5.5,5,2017_08,2021,4,44
boot,373,-5.4901960784313735,3.5052000000000003,8,7.7724,25.5,12.9,9.4,2017_08,2018,5,9
boot,373,-5.238095238095236,3.2004,7,6.4008,21,11.6,8.1,2017_08,2019,6,22
boot,373,-3.913043478260871,3.2004,6.5,7.010400000000001,23,11.4,7.4,2017_08,2020,5,33
boot,373,-7.894736842105263,3.3528000000000002,6,5.7912,19,12.5,7.5,2017_08,2021,4,44
boot,374,3.278688524590164,3.5052000000000003,9.5,9.2964,30.5,10.5,8.5,2017_08,2018,5,9
boot,374,-1.1764705882352968,3.5052000000000003,8,7.7724,25.5,11.8,8.3,2017_08,2019,6,22
boot,374,4.838709677419355,3.5052000000000003,6,9.4488,31,10,4.5,2017_08,2020,5,33
boot,374,-6.521739130434782,2.4384,4,7.010400000000001,23,9.5,5.5,2017_08,2021,4,44
boot,375,17.54385964912281,4.4196,10,8.6868,28.5,9.5,5,2017_08,2018,5,9
boot,375,20.408163265306122,3.5052000000000003,9.5,7.4676,24.5,6.5,4.5,2017_08,2019,6,22
boot,375,20.833333333333332,2.8956,7.5,7.315200000000001,24,4.5,2.5,2017_08,2020,5,33
boot,375,18.6046511627907,2.1336,6,6.5532,21.5,3,2,2017_08,2021,4,44
boot,376,23.749999999999996,5.3340000000000005,10.5,7.315200000000001,24,11.8,4.800000000000001,2017_08,2018,5,9
boot,376,21.73913043478261,3.6576000000000004,10,7.010400000000001,23,7,5,2017_08,2019,6,22
boot,376,21.428571428571427,3.5052000000000003,9.5,6.4008,21,7,5,2017_08,2020,5,33
boot,376,18.42105263157895,3.5052000000000003,8.5,5.7912,19,8,5,2017_08,2021,4,44
boot,377,13.636363636363637,3.3528000000000002,7,6.7056000000000004,22,8,4,2017_08,2018,5,9
boot,377,11.89189189189189,2.5908,5,5.638800000000001,18.5,6.300000000000001,2.8000000000000007,2017_08,2019,6,22
boot,377,10,2.286,5,4.572,15,6,3.5,2017_08,2020,5,33
boot,377,10.344827586206897,2.1336,5,4.4196,14.5,5.5,3.5,2017_08,2021,4,44
boot,378,14.545454545454545,3.5052000000000003,11.5,8.382,27.5,7.5,7.5,2017_08,2018,5,9
boot,378,19.696969696969695,4.1148,10.5,10.0584,33,7,4,2017_08,2019,6,22
boot,378,19.642857142857142,3.5052000000000003,9,8.5344,28,6,3.5,2017_08,2020,5,33
boot,378,20.754716981132077,2.8956,8,8.077200000000001,26.5,4,2.5,2017_08,2021,4,44
boot,379,9.090909090909092,3.81,8,5.0292,16.5,11,6.5,2017_08,2018,5,9
boot,379,9.090909090909092,3.81,7.5,5.0292,16.5,11,6,2017_08,2019,6,22
boot,379,11.538461538461538,3.5052000000000003,7.5,3.9624,13,10,6,2017_08,2020,5,33
boot,379,7.6923076923076925,2.8956,6.5,3.9624,13,8.5,5.5,2017_08,2021,4,44
wedge,301,14.482758620689653,4.2672,9,4.4196,14.5,11.9,6.9,2017_09,2018,5,8
wedge,301,6.896551724137931,3.048,8,4.4196,14.5,9,7,2017_09,2019,6,21
wedge,301,10.344827586206897,2.7432000000000003,8,4.4196,14.5,7.5,6.5,2017_09,2020,5,32
wedge,301,17.391304347826086,2.286,7.5,3.5052000000000003,11.5,5.5,5.5,2017_09,2021,4,43
wedge,302,18.51851851851852,3.9624,7.5,8.2296,27,8,2.5,2017_09,2018,5,8
wedge,302,18,4.2672,7.5,7.62,25,9.5,3,2017_09,2019,6,21
wedge,302,18,3.3528000000000002,6.5,7.62,25,6.5,2,2017_09,2020,5,32
wedge,302,13.043478260869565,3.6576000000000004,6.5,7.010400000000001,23,9,3.5,2017_09,2021,4,43
wedge,303,2.5641025641025643,3.5052000000000003,8,5.9436,19.5,11,7.5,2017_09,2018,5,8
wedge,303,12.903225806451612,3.5052000000000003,7.5,4.7244,15.5,9.5,5.5,2017_09,2019,6,21
wedge,303,19.35483870967742,2.7432000000000003,9,4.7244,15.5,6,6,2017_09,2020,5,32
wedge,303,13.793103448275861,1.9812,6.5,4.4196,14.5,4.5,4.5,2017_09,2021,4,43
wedge,304,28.205128205128204,3.3528000000000002,11,5.9436,19.5,5.5,5.5,2017_09,2018,5,8
wedge,304,25.58139534883721,4.1148,9.5,6.5532,21.5,8,4,2017_09,2019,6,21
wedge,304,26.31578947368421,4.2672,10.5,5.7912,19,9,5.5,2017_09,2020,5,32
wedge,304,28.571428571428573,3.81,8.5,6.4008,21,6.5,2.5,2017_09,2021,4,43
wedge,305,26.923076923076923,4.1148,10.7,7.9248,26,6.5,3.6999999999999993,2017_09,2018,5,8
wedge,305,29.41176470588235,3.9624,9.5,7.7724,25.5,5.5,2,2017_09,2019,6,21
wedge,305,25,3.6576000000000004,12,7.315200000000001,24,6,6,2017_09,2020,5,32
wedge,305,25.53191489361702,3.3528000000000002,11,7.162800000000001,23.5,5,5,2017_09,2021,4,43
wedge,306,-3.835616438356165,2.7432000000000003,5.5,11.125200000000001,36.5,10.4,6.9,2017_09,2018,5,8
wedge,306,-5.633802816901408,2.1336,4,10.820400000000001,35.5,9,6,2017_09,2019,6,21
wedge,306,-5.714285714285714,2.1336,4.5,10.668000000000001,35,9,6.5,2017_09,2020,5,32
wedge,306,0,1.524,3.5,9.906,32.5,5,3.5,2017_09,2021,4,43
wedge,307,-16.666666666666668,2.5908,5.5,6.4008,21,12,9,2017_09,2018,5,8
wedge,307,-19.047619047619047,2.4384,4.5,6.4008,21,12,8.5,2017_09,2019,6,21
wedge,307,-18.51851851851852,1.9812,5,4.1148,13.5,9,7.5,2017_09,2020,5,32
wedge,307,-19.35483870967742,1.6764000000000001,4,4.7244,15.5,8.5,7,2017_09,2021,4,43
wedge,308,-10.169491525423728,3.2004,7.5,8.9916,29.5,13.5,10.5,2017_09,2018,5,8
wedge,308,-12.068965517241379,2.7432000000000003,5.5,8.8392,29,12.5,9,2017_09,2019,6,21
wedge,308,-12.5,1.9812,5,8.5344,28,10,8.5,2017_09,2020,5,32
wedge,308,-4.166666666666667,1.6764000000000001,3.5,7.315200000000001,24,6.5,4.5,2017_09,2021,4,43
wedge,309,-8.51063829787234,2.4384,5,7.162800000000001,23.5,10,7,2017_09,2018,5,8
wedge,309,-12.5,1.6764000000000001,3,6.096,20,8,5.5,2017_09,2019,6,21
wedge,309,-7.6923076923076925,1.3716000000000002,5.5,5.9436,19.5,6,7,2017_09,2020,5,32
wedge,309,-13.513513513513514,1.3716000000000002,3,5.638800000000001,18.5,7,5.5,2017_09,2021,4,43
wedge,310,-3.8461538461538463,2.286,4,3.9624,13,8,4.5,2017_09,2018,5,8
wedge,310,-12.5,2.4384,3.5,3.6576000000000004,12,9.5,5,2017_09,2019,6,21
wedge,310,-14.285714285714286,2.1336,2.5,3.2004,10.5,8.5,4,2017_09,2020,5,32
wedge,310,-14.285714285714286,1.9812,3,3.2004,10.5,8,4.5,2017_09,2021,4,43
wedge,311,-21.428571428571427,3.048,4,4.2672,14,13,7,2017_09,2018,5,8
wedge,311,-32.142857142857146,1.8288000000000002,2.5,4.2672,14,10.5,7,2017_09,2019,6,21
wedge,311,-33.333333333333336,2.1336,0.5,4.1148,13.5,11.5,5,2017_09,2020,5,32
wedge,311,-24,1.3716000000000002,1,3.81,12.5,7.5,4,2017_09,2021,4,43
wedge,312,-20,3.2004,6.5,6.8580000000000005,22.5,15,11,2017_09,2018,5,8
wedge,312,-20.408163265306122,2.5908,3.5,7.4676,24.5,13.5,8.5,2017_09,2019,6,21
wedge,312,-25,2.5908,3.5,5.486400000000001,18,13,8,2017_09,2020,5,32
wedge,312,-24.324324324324323,2.286,2.5,5.638800000000001,18.5,12,7,2017_09,2021,4,43
wedge,313,-29.72972972972973,1.3716000000000002,4.5,5.638800000000001,18.5,10,10,2017_09,2018,5,8
wedge,313,-30.434782608695652,1.0668,3.5,7.010400000000001,23,10.5,10.5,2017_09,2019,6,21
wedge,313,-29.78723404255319,0.9144000000000001,3,7.162800000000001,23.5,10,10,2017_09,2020,5,32
wedge,313,-28.571428571428573,0.9144000000000001,3,6.4008,21,9,9,2017_09,2021,4,43
wedge,314,-30.196078431372545,2.4384,4.5,7.7724,25.5,15.7,12.2,2017_09,2018,5,8
wedge,314,-27.93650793650794,1.6764000000000001,4.5,9.6012,31.5,14.3,13.3,2017_09,2019,6,21
wedge,314,-28.846153846153847,1.8288000000000002,3.5,7.9248,26,13.5,11,2017_09,2020,5,32
wedge,314,-29.62962962962963,1.6764000000000001,1,8.2296,27,13.5,9,2017_09,2021,4,43
wedge,315,-21.73913043478261,2.5908,3.5,7.010400000000001,23,13.5,8.5,2017_09,2018,5,8
wedge,315,-22.916666666666668,1.524,4,7.315200000000001,24,10.5,9.5,2017_09,2019,6,21
wedge,315,-22.5,1.524,2,6.096,20,9.5,6.5,2017_09,2020,5,32
wedge,315,-26.31578947368421,1.3716000000000002,2.5,5.7912,19,9.5,7.5,2017_09,2021,4,43
wedge,316,-24.074074074074073,2.8956,4,8.2296,27,16,10.5,2017_09,2018,5,8
wedge,316,-31.70731707317073,2.286,3.5,6.2484,20.5,14,10,2017_09,2019,6,21
wedge,316,-30,2.286,3.5,6.096,20,13.5,9.5,2017_09,2020,5,32
wedge,316,-32.5,1.8288000000000002,2.5,6.096,20,12.5,9,2017_09,2021,4,43
wedge,317,-26.666666666666668,1.6764000000000001,5.5,9.144,30,13.5,13.5,2017_09,2018,5,8
wedge,317,-23.728813559322035,1.524,3,8.9916,29.5,12,10,2017_09,2019,6,21
wedge,317,-24,1.2192,2,7.62,25,10,8,2017_09,2020,5,32
wedge,317,-24.489795918367346,1.0668,2,7.4676,24.5,9.5,8,2017_09,2021,4,43
wedge,318,-20.408163265306122,2.4384,5.5,7.4676,24.5,13,10.5,2017_09,2018,5,8
wedge,318,-29.78723404255319,1.9812,3.5,7.162800000000001,23.5,13.5,10.5,2017_09,2019,6,21
wedge,318,-28.26086956521739,1.6764000000000001,3,7.010400000000001,23,12,9.5,2017_09,2020,5,32
wedge,318,-34.09090909090909,1.2192,0,6.7056000000000004,22,11.5,7.5,2017_09,2021,4,43
wedge,319,-27.441860465116278,3.81,7,6.5532,21.5,18.4,12.9,2017_09,2018,5,8
wedge,319,-18.09523809523809,3.3528000000000002,5,9.6012,31.5,16.7,10.7,2017_09,2019,6,21
wedge,319,-17.54385964912281,2.8956,4.5,8.6868,28.5,14.5,9.5,2017_09,2020,5,32
wedge,319,-14.545454545454545,1.2192,3,8.382,27.5,8,7,2017_09,2021,4,43
wedge,320,-5.2631578947368425,4.1148,8,5.7912,19,14.5,9,2017_09,2018,5,8
wedge,320,0.5714285714285694,3.5052000000000003,8,5.3340000000000005,17.5,11.4,7.9,2017_09,2019,6,21
wedge,320,0,3.048,7,4.8768,16,10,7,2017_09,2020,5,32
wedge,320,-9.090909090909092,1.6764000000000001,4,5.0292,16.5,7,5.5,2017_09,2021,4,43
wedge,321,-2.2222222222222223,3.5052000000000003,9,6.8580000000000005,22.5,12,9.5,2017_09,2018,5,8
wedge,321,-7.6923076923076925,3.048,7.5,5.9436,19.5,11.5,9,2017_09,2019,6,21
wedge,321,-9.67741935483871,2.286,7.5,4.7244,15.5,9,9,2017_09,2020,5,32
wedge,321,-12.121212121212121,1.8288000000000002,6,5.0292,16.5,8,8,2017_09,2021,4,43
wedge,322,-5.365853658536584,3.9624,11,6.2484,20.5,14.1,12.1,2017_09,2018,5,8
wedge,322,-0.4347826086956506,3.3528000000000002,10,7.010400000000001,23,11.1,10.1,2017_09,2019,6,21
wedge,322,-4.166666666666667,3.9624,9.5,7.315200000000001,24,14,10.5,2017_09,2020,5,32
wedge,322,-6.382978723404255,3.3528000000000002,8.5,7.162800000000001,23.5,12.5,10,2017_09,2021,4,43
wedge,323,-1.8604651162790715,4.2672,7.5,6.5532,21.5,14.4,7.9,2017_09,2018,5,8
wedge,323,-18.85714285714286,3.9624,7,5.3340000000000005,17.5,16.3,10.3,2017_09,2019,6,21
wedge,323,-6.341463414634149,3.048,9,6.2484,20.5,11.3,10.3,2017_09,2020,5,32
wedge,323,-14.705882352941176,2.8956,8.5,5.1816,17,12,11,2017_09,2021,4,43
wedge,324,-3.9215686274509802,4.2672,9,7.7724,25.5,15,10,2017_09,2018,5,8
wedge,324,-8.88888888888889,3.6576000000000004,7.5,6.8580000000000005,22.5,14,9.5,2017_09,2019,6,21
wedge,324,-8.695652173913043,2.4384,7,7.010400000000001,23,10,9,2017_09,2020,5,32
wedge,324,-9.30232558139535,2.5908,6,6.5532,21.5,10.5,8,2017_09,2021,4,43
wedge,325,-4.166666666666667,4.2672,8,3.6576000000000004,12,14.5,8.5,2017_09,2018,5,8
wedge,325,-12,4.1148,7.5,3.81,12.5,15,9,2017_09,2019,6,21
wedge,325,-13.636363636363637,3.6576000000000004,7,3.3528000000000002,11,13.5,8.5,2017_09,2020,5,32
wedge,325,-15,3.3528000000000002,7.5,3.048,10,12.5,9,2017_09,2021,4,43
wedge,326,5.294117647058825,3.5052000000000003,8.5,5.1816,17,10.6,7.6,2017_09,2018,5,8
wedge,326,4.761904761904762,3.2004,8,6.4008,21,9.5,7,2017_09,2019,6,21
wedge,326,3.125,2.5908,7.5,4.8768,16,8,7,2017_09,2020,5,32
wedge,326,3.125,2.1336,7,4.8768,16,6.5,6.5,2017_09,2021,4,43
wedge,327,32.55813953488372,3.6576000000000004,9.5,6.5532,21.5,5,2.5,2017_09,2018,5,8
wedge,327,28.26086956521739,3.2004,8,7.010400000000001,23,4,1.5,2017_09,2019,6,21
wedge,327,24.390243902439025,3.6576000000000004,8,6.2484,20.5,7,3,2017_09,2020,5,32
wedge,327,16.666666666666668,1.9812,6.5,6.4008,21,3,3,2017_09,2021,4,43
wedge,328,33.333333333333336,4.4196,11,6.8580000000000005,22.5,7,3.5,2017_09,2018,5,8
wedge,328,32.608695652173914,3.9624,8,7.010400000000001,23,5.5,0.5,2017_09,2019,6,21
wedge,328,34.883720930232556,3.81,9.5,6.5532,21.5,5,2,2017_09,2020,5,32
wedge,328,37.142857142857146,3.3528000000000002,8.5,5.3340000000000005,17.5,4.5,2,2017_09,2021,4,43
wedge,329,18,5.9436,9,7.62,25,15,4.5,2017_09,2018,5,8
wedge,329,19.607843137254903,4.572,8,7.7724,25.5,10,3,2017_09,2019,6,21
wedge,329,15.555555555555555,4.2672,6.5,6.8580000000000005,22.5,10.5,3,2017_09,2020,5,32
wedge,329,16.666666666666668,3.6576000000000004,7.5,6.4008,21,8.5,4,2017_09,2021,4,43
wedge,330,13.999999999999998,3.81,7,4.572,15,10.4,4.9,2017_09,2018,5,8
wedge,330,13.513513513513514,2.7432000000000003,7,5.638800000000001,18.5,6.5,4.5,2017_09,2019,6,21
wedge,330,11.11111111111111,2.286,6.5,5.486400000000001,18,5.5,4.5,2017_09,2020,5,32
wedge,330,9.67741935483871,1.6764000000000001,5.5,4.7244,15.5,4,4,2017_09,2021,4,43
